Maker,Product,Kind,Watts,Rated flow as printed,Stated tank size,Conditions printed,Source URL,Accessed
Aqueon,Heater wattage guidelines,heater,50 W,not listed,5-20 gallons,not listed,https://www.aqueon.com/-/media/project/oneweb/aqueon/files/us/educational/aq_heater_wattage_chart.pdf,2026-10-06
Aqueon,Heater wattage guidelines,heater,100 W,not listed,15-40 gallons,not listed,https://www.aqueon.com/-/media/project/oneweb/aqueon/files/us/educational/aq_heater_wattage_chart.pdf,2026-10-06
Aqueon,Heater wattage guidelines,heater,150 W,not listed,30-55 gallons,not listed,https://www.aqueon.com/-/media/project/oneweb/aqueon/files/us/educational/aq_heater_wattage_chart.pdf,2026-10-06
Aqueon,Heater wattage guidelines,heater,200 W,not listed,50-75 gallons,not listed,https://www.aqueon.com/-/media/project/oneweb/aqueon/files/us/educational/aq_heater_wattage_chart.pdf,2026-10-06
Aqueon,Heater wattage guidelines,heater,300 W,not listed,65-90 gallons,not listed,https://www.aqueon.com/-/media/project/oneweb/aqueon/files/us/educational/aq_heater_wattage_chart.pdf,2026-10-06
EHEIM,thermocontrol 3611,heater,25 W,not listed,5.2-6.5 US gal,Closed aquariums. Ambient room 21°C / 70°F. Desired water up to 26°C / 79°F.,https://www.eheim.com/media/pdf/c7/65/0c/3611-3619_thermocontroldPSgHh7gyBpLG.pdf,2026-10-06
EHEIM,thermocontrol 3612,heater,50 W,not listed,6.6-15.8 US gal,Closed aquariums. Ambient room 21°C / 70°F. Desired water up to 26°C / 79°F.,https://www.eheim.com/media/pdf/c7/65/0c/3611-3619_thermocontroldPSgHh7gyBpLG.pdf,2026-10-06
EHEIM,thermocontrol 3613,heater,75 W,not listed,15.8-26.4 US gal,Closed aquariums. Ambient room 21°C / 70°F. Desired water up to 26°C / 79°F.,https://www.eheim.com/media/pdf/c7/65/0c/3611-3619_thermocontroldPSgHh7gyBpLG.pdf,2026-10-06
EHEIM,thermocontrol 3614,heater,100 W,not listed,26.4-39.6 US gal,Closed aquariums. Ambient room 21°C / 70°F. Desired water up to 26°C / 79°F.,https://www.eheim.com/media/pdf/c7/65/0c/3611-3619_thermocontroldPSgHh7gyBpLG.pdf,2026-10-06
EHEIM,thermocontrol 3615,heater,125 W,not listed,39.6-53 US gal,Closed aquariums. Ambient room 21°C / 70°F. Desired water up to 26°C / 79°F.,https://www.eheim.com/media/pdf/c7/65/0c/3611-3619_thermocontroldPSgHh7gyBpLG.pdf,2026-10-06
EHEIM,thermocontrol 3616,heater,150 W,not listed,53-79 US gal,Closed aquariums. Ambient room 21°C / 70°F. Desired water up to 26°C / 79°F.,https://www.eheim.com/media/pdf/c7/65/0c/3611-3619_thermocontroldPSgHh7gyBpLG.pdf,2026-10-06
EHEIM,thermocontrol 3617,heater,200 W,not listed,79-106 US gal,Closed aquariums. Ambient room 21°C / 70°F. Desired water up to 26°C / 79°F.,https://www.eheim.com/media/pdf/c7/65/0c/3611-3619_thermocontroldPSgHh7gyBpLG.pdf,2026-10-06
EHEIM,thermocontrol 3618,heater,250 W,not listed,106-159 US gal,Closed aquariums. Ambient room 21°C / 70°F. Desired water up to 26°C / 79°F.,https://www.eheim.com/media/pdf/c7/65/0c/3611-3619_thermocontroldPSgHh7gyBpLG.pdf,2026-10-06
EHEIM,thermocontrol 3619,heater,300 W,not listed,159-260 US gal,Closed aquariums. Ambient room 21°C / 70°F. Desired water up to 26°C / 79°F.,https://www.eheim.com/media/pdf/c7/65/0c/3611-3619_thermocontroldPSgHh7gyBpLG.pdf,2026-10-06
Fluval,E-series E50,heater,50 W (model E50),not listed,up to 15 US gal / 60 L,"Volumes are approximate for water up to 26°C / 78°F with a room temperature of 20°C / 68°F. A lower room, wide fluctuations, no cover, pumps or filters, or placement near cooling sources may require a higher wattage.",https://www.aquasabi.de/cdn/fluval/Fluval_E-Serie_Heizer_DE_EN.pdf,2026-10-06
Fluval,E-series E100,heater,100 W (model E100),not listed,up to 30 US gal / 120 L,"Volumes are approximate for water up to 26°C / 78°F with a room temperature of 20°C / 68°F. A lower room, wide fluctuations, no cover, pumps or filters, or placement near cooling sources may require a higher wattage.",https://www.aquasabi.de/cdn/fluval/Fluval_E-Serie_Heizer_DE_EN.pdf,2026-10-06
Fluval,E-series E200,heater,200 W (model E200),not listed,up to 65 US gal / 250 L,"Volumes are approximate for water up to 26°C / 78°F with a room temperature of 20°C / 68°F. A lower room, wide fluctuations, no cover, pumps or filters, or placement near cooling sources may require a higher wattage.",https://www.aquasabi.de/cdn/fluval/Fluval_E-Serie_Heizer_DE_EN.pdf,2026-10-06
Fluval,E-series E300,heater,300 W (model E300),not listed,up to 100 US gal / 375 L,"Volumes are approximate for water up to 26°C / 78°F with a room temperature of 20°C / 68°F. A lower room, wide fluctuations, no cover, pumps or filters, or placement near cooling sources may require a higher wattage.",https://www.aquasabi.de/cdn/fluval/Fluval_E-Serie_Heizer_DE_EN.pdf,2026-10-06
Fluval,C-series C2,filter,5 W,119 US GPH / 450 LPH,up to 30 US gal / 115 L,Filter circulation printed for 120 V / 60 Hz.,https://fluvalaquatics.com/us/shop/product/c3-power-filter-up-to-50-us-gal-190-l,2026-10-06
Fluval,C-series C3,filter,5 W,153 US GPH / 580 LPH,up to 50 US gal / 190 L,Filter circulation printed for 120 V / 60 Hz.,https://fluvalaquatics.com/us/shop/product/c3-power-filter-up-to-50-us-gal-190-l,2026-10-06
Fluval,C-series C4,filter,5 W,264 US GPH / 900 LPH,up to 70 US gal / 265 L,Filter circulation printed for 120 V / 60 Hz.,https://fluvalaquatics.com/us/shop/product/c3-power-filter-up-to-50-us-gal-190-l,2026-10-06
Fluval,C-series C2,filter,5 W,106 US GPH / 400 LPH,up to 30 US gal / 115 L,Filter circulation printed for 230-240 V / 50 Hz.,https://fluvalaquatics.com/us/shop/product/c3-power-filter-up-to-50-us-gal-190-l,2026-10-06
Fluval,C-series C3,filter,5 W,127 US GPH / 480 LPH,up to 50 US gal / 190 L,Filter circulation printed for 230-240 V / 50 Hz.,https://fluvalaquatics.com/us/shop/product/c3-power-filter-up-to-50-us-gal-190-l,2026-10-06
Fluval,C-series C4,filter,5 W,238 US GPH / 900 LPH,up to 70 US gal / 265 L,Filter circulation printed for 230-240 V / 50 Hz.,https://fluvalaquatics.com/us/shop/product/c3-power-filter-up-to-50-us-gal-190-l,2026-10-06
Aqueon,QuietFlow canister 200G,filter,not listed,200 gph,up to 55 gallons,not listed,https://www.aqueon.com/products/filters-media/-/media/5DE5DADFDB064010B304DAFCD0413592.ashx,2026-10-06
Aqueon,QuietFlow canister 300G,filter,not listed,300 gph,up to 75 gallons,not listed,https://www.aqueon.com/products/filters-media/-/media/5DE5DADFDB064010B304DAFCD0413592.ashx,2026-10-06
Aqueon,QuietFlow canister 400G,filter,not listed,400 gph,up to 155 gallons,not listed,https://www.aqueon.com/products/filters-media/-/media/5DE5DADFDB064010B304DAFCD0413592.ashx,2026-10-06
Aqueon,QuietFlow internal with SmartClean,filter,not listed,0-35 GPH,"0-5 gallons, fresh or saltwater",Adjustable flow. Page prints 0-5G.,https://www.aqueon.com/products/filters-media/quietflow-internal-power-filters,2026-10-06
EHEIM,classic 150,filter,5 W at 50 Hz,"300 L/h at 50 Hz, approx.",about 50 L to approx. 150 L,US GPH not listed. Pump power and pump output are the 50 Hz figures.,https://eheim.com/en_GB/spare-parts/technology/external-filters/classic/classic-150,2026-10-06
EHEIM,classic 250,filter,8 W at 50 Hz,"440 L/h at 50 Hz, approx.",about 80 L to approx. 250 L,US GPH not listed. Pump power and pump output are the 50 Hz figures.,https://eheim.com/en_GB/spare-parts/technology/external-filters/classic/classic-250,2026-10-06
EHEIM,classic 350,filter,15 W at 50 Hz,"620 L/h at 50 Hz, approx.",about 120 L to approx. 350 L,US GPH not listed. Pump power and pump output are the 50 Hz figures.,https://eheim.com/en_GB/aquatics/technology/external-filters/classic/eheim-classic-350,2026-10-06
EHEIM,classic 600,filter,20 W at 50 Hz,"1000 L/h at 50 Hz, approx.",about 180 L to approx. 600 L,US GPH not listed. Pump power and pump output are the 50 Hz figures.,https://eheim.com/en_GB/aquatics/technology/external-filters/classic/eheim-classic-600,2026-10-06
