common_name,scientific_name,max_standard_length_mm,max_standard_length_in,min_tank_base_cm,min_tank_base_in,temp_f,ph,source_name,source_url,accessed
Bristlenose pleco,Ancistrus sp.,130,5,80 × 30 cm,31 × 12 in,77–86,6.0–7.0,Seriously Fish species profile (Quick facts),https://www.seriouslyfish.com/species/ancistrus-sp/,2026-10-10
Oscar,Astronotus ocellatus,350,14,150 × 60 cm,60 × 24 in,68–82,6.0–7.5,Seriously Fish species profile (Quick facts),https://www.seriouslyfish.com/species/astronotus-ocellatus/,2026-10-10
Betta,Betta splendens,70,2.8,45 × 30 cm,18 × 12 in,72–86,6.0–8.0,Seriously Fish species profile (Quick facts),https://www.seriouslyfish.com/species/betta-splendens/,2026-10-10
Zebra danio,Danio rerio,50,2.0,90 × 30 cm,36 × 12 in,64–77,6.0–8.0,Seriously Fish species profile (Quick facts),https://www.seriouslyfish.com/species/danio-rerio/,2026-10-10
German blue ram,Mikrogeophagus ramirezi,40,1.6,60 × 30 cm,24 × 12 in,81–86,4.0–7.0,Seriously Fish species profile (Quick facts),https://www.seriouslyfish.com/species/mikrogeophagus-ramirezi/,2026-10-10
Bronze corydoras,Osteogaster aenea (Corydoras aeneus),75,3.0,80 × 30 cm,31 × 12 in,70–81,6.0–8.0,Seriously Fish species profile (Quick facts),https://www.seriouslyfish.com/species/osteogaster-aenea,2026-10-10
Neon tetra,Paracheirodon innesi,30,1.2,60 × 30 cm,24 × 12 in,70–77,4.0–7.5,Seriously Fish species profile (Quick facts),https://www.seriouslyfish.com/species/paracheirodon-innesi/,2026-10-10
Guppy,Poecilia reticulata,60,2.4,45 × 30 cm,18 × 12 in,63–82,7.0–8.5,Seriously Fish species profile (Quick facts),https://www.seriouslyfish.com/species/poecilia-reticulata/,2026-10-10
Molly,Poecilia sphenops,80,3.1,90 × 30 cm,36 × 12 in,70–82,7.0–8.5,Seriously Fish species profile (Quick facts),https://www.seriouslyfish.com/species/poecilia-sphenops/,2026-10-10
Angelfish,Pterophyllum scalare,150,6,100 × 40 cm,39 × 16 in,75–86,6.0–7.4,Seriously Fish species profile (Quick facts),https://www.seriouslyfish.com/species/pterophyllum-scalare/,2026-10-10
Cherry barb,Puntius titteya,50,2.0,60 × 30 cm,24 × 12 in,68–81,6.0–8.0,Seriously Fish species profile (Quick facts),https://www.seriouslyfish.com/species/puntius-titteya/,2026-10-10
Discus,Symphysodon aequifasciatus,140,6,not recorded,not recorded,not recorded,not recorded,Seriously Fish species profile (Quick facts),https://www.seriouslyfish.com/species/symphysodon-aequifasciatus/,2026-10-10
Dwarf gourami,Trichogaster lalius,88,3.5,not recorded,not recorded,72–81,6.0–7.5,Seriously Fish species profile (Quick facts),https://www.seriouslyfish.com/species/trichogaster-lalius/,2026-10-10
Harlequin rasbora,Trigonostigma heteromorpha,45,1.8,60 × 30 cm,24 × 12 in,70–82,5.0–7.5,Seriously Fish species profile (Quick facts),https://www.seriouslyfish.com/species/trigonostigma-heteromorpha/,2026-10-10
Platy,Xiphophorus maculatus,50,2.0,60 × 30 cm,24 × 12 in,68–79,7.0–8.2,Seriously Fish species profile (Quick facts),https://www.seriouslyfish.com/species/xiphophorus-maculatus/,2026-10-10
